{"titik kecocokan x": 200.00000000400001, "titik kecocokan y": 33.333333334, "akurasi": 0.9805070458414872, "kategori ban": "All Terrain", "No. templat :": 1}